<?xml version="1.0" encoding="utf-8"?>
<extension type="component" version="3.7.0" method="upgrade">
	<name>COM_QUIZ</name>
	<!-- The following elements are optional and free of formatting constraints -->
	<creationDate>September 2017</creationDate>
	<author>Bond Keevil</author>
	<authorEmail>bkeevil@prognosti.com</authorEmail>
	<authorUrl>https://bondkeevil.ca</authorUrl>
	<copyright>Copyright Bond Keevil 2017</copyright>
	<license>Creative Commons Attribution 4.0 International</license>
	<!--  The version string is recorded in the components table -->
	<version>0.0.4</version>
	<!-- The description is optional and defaults to the name -->
	<description>COM_QUIZ_DESCRIPTION</description>

	<install> <!-- Runs on install -->
		<sql>
			<file driver="mysql" charset="utf8">sql/install.mysql.utf8.sql</file>
		</sql>
	</install>
	<uninstall> <!-- Runs on uninstall -->
		<sql>
			<file driver="mysql" charset="utf8">sql/uninstall.mysql.utf8.sql</file>
		</sql>
	</uninstall>
	<update> <!-- Runs on update; New since J2.5 -->
		<schemas>
			<schemapath type="mysql">sql/updates/mysql</schemapath>
		</schemas>
	</update>

	<!-- Site Main File Copy Section -->
	<!-- Note the folder attribute: This attribute describes the folder
		to copy FROM in the package to install therefore files copied
		in this section are copied from /site/ in the package -->
	<files folder="site">
		<filename>index.html</filename>
		<filename>quiz.php</filename>
        <filename>controller.php</filename>
        <folder>views</folder>
        <folder>models</folder>
        <folder>language</folder>
	</files>

    <media folder="media" destination="com_quiz">
        <filename>politicalquiz.jpg</filename>
    </media>

	<administration>
		<!-- Administration Menu Section -->
		<menu link='index.php?option=com_quiz'>COM_QUIZ_MENU</menu>
		<!-- Administration Main File Copy Section -->
		<!-- Note the folder attribute: This attribute describes the folder
			to copy FROM in the package to install therefore files copied
			in this section are copied from /admin/ in the package -->
		<files folder="admin">
			<!-- Admin Main File Copy Section -->
			<filename>index.html</filename>
			<filename>quiz.php</filename>
			<!-- SQL files section -->
			<folder>sql</folder>
            <folder>tables</folder>
            <folder>language</folder>
		</files>
	</administration>
</extension>
